-0,64
-0,96
-1,72
-2,68
-3,31
-3,96
-4,48
-4,77
-4,74
-4,73
-4,30
-3,81
-3,92
-3,75
-3,56
-3,63
-3,72
-3,65
-3,80
-3,81
-3,64
-3,71
-3,77
-3,63
-3,49
-3,21
-3,51
-4,33
-4,34
-4,74
-5,13
-4,84
-5,18
-4,91
-3,47
-1,66
-1,09
-0,87
-1,05
-1,67
-1,55
-1,80
-1,90
-1,84
-1,87
-1,97
-2,31
-2,58
-2,81
-3,25
-4,19
-5,29
-5,76
-6,46
-6,86
-7,30
-7,27
-5,86
-3,51
-1,99
-2,05
-1,81
-1,90
-2,20
-3,83
-4,02
-4,11
-4,39
-4,67
-5,48
-5,63
-5,94
-5,89
-5,77
-5,81
-7,06
-6,68
-6,93
-6,87
-6,69
-6,84
-6,89
-6,12
-5,48
-4,45
-3,46
-3,63
-4,14
-5,87
-6,81
-7,15
-7,46
-7,47
-7,58
-7,74
-7,62
-7,82
-8,17
-8,58
-9,36
-9,15
-9,13
-9,61
-10,16
-10,83
-9,77
-8,06
-7,03
-5,71
-4,86
-4,90
-5,73
-7,18
-8,42
-9,21
-10,01
-10,11
-10,68
-11,44
-11,58
-11,87
-11,67
-11,36
-11,78
-11,54
-11,26
-11,17
-11,35
-10,72
-8,91
-6,95
-5,89
-4,56
-3,21
-2,85
-2,69
-2,82
-3,87
-5,04
-4,98
-4,48
-4,08
-3,80
-3,56
-3,40
-3,26
-3,09
-2,24
-1,32
-0,49
0,28
0,61
1,13
1,85
2,37
2,75
3,10
3,30
3,18
3,15
3,17
3,12
3,06
2,99
3,00
2,94
2,75
2,59
2,43
2,32
2,27
1,92
1,54
1,33
1,38
1,53
1,03
1,02
1,44
1,65
2,08
2,91
3,34
2,22
1,10
1,36
1,18
0,52
0,47
0,29
-0,35
-0,84
-0,90
-1,04
-1,11
-1,36
-1,51
-1,73
-2,00
-1,90
-1,61
-1,42
-1,17
-0,79
-0,01
0,34
0,71
0,65
0,65
0,88
0,96
0,99
1,11
1,23
1,39
1,33
1,32
1,45
1,63
1,69
1,72
1,74
1,62
1,56
1,62
1,63
1,26
0,99
1,07
1,12
0,75
0,33
-0,11
-0,38
-1,28
-1,80
-2,07
-2,18
-2,35
-2,49
-2,36
-2,30
-2,14
-1,89
-1,73
-1,50
-1,22
-0,95
-1,06
-0,66
-0,13
0,02
0,77
1,77
2,30
2,54
2,62
2,77
3,29
3,85
4,55
5,32
5,26
5,57
5,67
5,26
4,17
4,05
3,67
3,40
3,44
2,81
2,46
2,30
3,02
3,99
4,85
5,60
6,10
5,17
3,50
2,43
1,86
1,37
1,44
1,43
1,72
1,90
1,99
2,39
2,59
2,04
1,44
1,32
1,24
1,51
1,71
1,54
1,73
1,95
2,29
2,63
2,95
3,06
3,17
3,48
4,03
3,93
4,22
4,98
5,53
5,54
5,47
5,44
5,72
5,57
5,44
5,79
5,69
5,59
4,94
5,00
5,20
4,96
4,38
4,50
5,20
4,74
5,01
4,88
4,68
4,46
4,34
3,75
2,73
2,04
1,83
1,85
1,69
1,82
1,59
1,22
1,16
0,74
0,46
0,62
1,05
1,63
1,63
1,49
1,82
2,01
1,27
1,13
1,57
1,50
1,67
1,70
1,39
1,45
1,58
1,23
0,87
0,79
0,43
0,28
0,22
0,85
0,98
0,86
1,31
1,64
2,00
2,35
1,86
2,01
1,88
2,18
2,93
3,65
4,58
4,71
4,73
4,75
4,48
4,46
4,40
4,67
5,04
4,87
4,76
4,66
4,47
4,35
4,53
5,15
5,28
4,15
4,67
5,49
4,99
3,81
3,36
3,21
3,05
2,52
1,90
1,37
0,39
0,24
0,17
0,10
0,10
0,13
0,18
0,10
0,07
-0,07
0,38
1,03
0,75
0,18
-0,36
-0,75
-1,52
-2,03
-2,52
-2,68
-2,66
-2,96
-3,42
-3,64
-3,60
-3,15
-2,98
-2,96
-2,72
-2,75
-2,81
-2,44
-1,73
-1,79
-2,02
-1,50
-1,03
-0,78
-0,45
-0,09
0,17
0,20
0,28
0,42
0,56
0,64
0,69
0,70
0,70
0,71
0,64
0,65
0,83
0,00
-0,75
-1,24
-1,65
-1,62
-1,11
-1,03
-0,64
-0,21
-0,17
-0,06
-0,21
-1,08
-0,99
-0,94
-1,00
-1,17
-1,29
-1,49
-1,71
-1,66
-1,91
-2,15
-2,22
-2,23
-2,53
-2,69
-2,66
-1,57
-1,39
-1,18
-1,04
-1,42
-1,69
-2,06
-2,60
-3,80
-3,85
-4,27
-4,88
-5,43
-5,82
-5,74
-6,23
-7,11
-7,55
-7,56
-7,15
-7,66
-8,21
-8,18
-7,91
-6,96
-5,37
-4,24
-3,30
-3,87
-3,09
-3,57
-5,11
-6,32
-7,14
-7,92
-8,50
-9,26
-9,86
-10,12
-10,68
-11,19
-11,62
-11,82
-12,09
-12,48
-12,38
-12,50
-12,37
-10,47
-8,33
-6,23
-4,08
-3,01
-2,96
-3,11
-5,46
-6,74
-7,30
-8,21
-8,96
-9,67
-10,18
-10,57
-10,92
-11,24
-11,54
-11,59
-11,79
-12,22
-12,68
-12,94
-12,25
-10,11
-7,82
-7,29
-4,95
-3,77
-4,20
-4,94
-6,43
-7,38
-8,27
-8,87
-9,38
-9,88
-10,23
-10,49
-10,70
-10,58
-10,64
-10,70
-10,74
-10,80
-10,85
-10,78
-10,67
-10,03
-9,23
-8,33
-6,90
-6,77
-6,52
-6,63
-6,80
-6,80
-6,83
-6,96
-7,15
-7,22
-7,31
-7,37
-7,31
-7,54
-7,58
-7,50
-7,41
-7,36
-7,31
-7,18
-7,10
-6,89
-6,27
-5,62
-4,88
-4,39
-4,45
-4,56
-4,67
-4,70
-4,67
-4,43
-4,21
-4,10
-3,93
-3,98
-4,17
-4,64
-4,99
-4,75
-4,98
-4,87
-4,76
-4,58
-4,41
-4,07
-3,07
-1,45
-0,82
0,05
-0,55
-1,04
-1,92
-2,90
-3,29
-3,13
-3,09
-3,14
-3,45
-3,51
-3,78
-4,11
-4,66
-5,38
-6,02
-6,21
-5,69
-5,74
-5,86
-5,70
-3,84
-1,92
-0,45
0,03
0,02
-1,09
-1,54
-1,91
-1,80
-2,20
-2,29
-1,88
-2,08
-2,86
-3,57
-2,95
-2,55
-2,53
-2,57
-3,30
-3,85
-3,64
-2,81
-2,17
-1,71
-0,82
-0,37
-0,11
0,06
0,53
-0,51
-0,74
-1,46
-0,70
-1,03
-0,88
-0,86
-0,36
0,06
-0,08
-0,19
-0,15
-0,31
-0,98
-1,77
-1,33
-1,04
-0,44
0,26
0,73
1,36
1,35
0,38
0,15
0,22
0,33
0,57
0,56
0,24
0,23
0,31
0,22
-0,15
-0,08
-0,50
-0,93
-1,05
-1,07
-1,94
-1,98
-1,38
1,14
2,73
3,98
4,34
4,74
4,63
4,73
5,08
5,14
5,07
3,67
3,25
4,03
4,46
5,35
6,29
6,81
7,08
7,59
8,11
8,01
8,73
9,81
9,41
9,04
9,67
9,60
8,31
7,50
7,28
7,28
7,19
6,63
6,55
7,21
6,89
6,87
6,47
5,81
6,18
5,52
5,13
5,16
4,67
5,44
5,61
6,78
7,62
7,59
8,13
9,30
9,42
9,31
9,38
9,15
8,83
8,36
8,14
8,13
7,81
7,25
6,27
5,42
5,24
5,65
6,14
6,33
6,44
6,22
6,64
7,47
7,56
7,85
8,53
8,96
9,58
9,41
9,22
9,23
9,37
9,58
9,79
10,03
9,99
10,14
10,46
10,86
11,39
11,87
11,34
11,28
11,24
10,89
11,00
11,07
11,50
12,02
12,66
13,26
12,89
12,52
12,86
12,78
12,56
12,33
12,60
12,25
12,58
13,31
13,68
13,72
14,10
14,44
14,31
13,95
14,12
14,26
14,06
13,53
13,75
13,94
13,54
12,87
13,66
13,72
13,43
13,01
12,60
11,99
11,53
11,33
11,33
11,46
11,71
11,84
11,48
10,82
10,39
10,00
9,75
9,62
9,30
9,58
9,85
10,04
10,40
10,92
11,20
11,63
11,66
11,58
11,40
11,17
11,05
11,71
12,31
12,73
13,08
13,50
13,59
12,99
12,53
12,13
10,37
8,17
8,15
8,01
8,09
8,08
8,46
8,46
6,86
6,47
6,54
6,57
7,18
7,10
6,22
5,59
5,01
4,51
4,59
4,35
3,86
3,78
4,43
5,15
4,75
4,17
3,80
3,86
3,82
4,04
4,84
4,63
4,59
4,42
3,92
2,71
2,15
1,74
1,35
1,29
1,01
0,96
0,75
0,55
0,85
0,51
0,18
0,15
0,02
-0,09
-0,24
-0,17
-0,45
-0,31
-0,24
-0,01
0,40
0,99
1,17
1,14
-0,02
-0,10
-0,30
-1,52
-1,90
-2,18
-2,15
-2,23
-2,34
-2,46
-2,38
-2,56
-2,71
-2,61
-2,43
-2,24
-1,63
-0,80
0,37
0,94
1,25
1,54
1,08
0,34
0,54
0,76
0,40
0,00
-0,10
-0,11
-0,14
-0,10
-0,05
0,00
0,00
0,00
0,00
0,00
0,01
0,03
0,01
0,12
0,15
0,69
0,93
0,63
0,58
0,39
-0,88
-1,95
-2,79
-3,53
-3,98
-4,45
-4,85
-5,41
-6,00
-5,97
-6,07
-6,39
-6,73
-6,96
-6,65
-6,64
-6,22
-4,77
-3,26
-2,41
-2,08
-1,66
-1,62
-1,51
-1,76
-1,93
-1,80
-1,83
-1,91
-1,97
-1,83
-1,72
-1,59
-1,30
-1,18
-1,33
-1,39
-1,07
-0,79
-0,51
-0,12
0,20
0,78
1,33
1,94
2,26
2,56
2,84
2,99
3,17
3,20
3,12
2,89
2,63
2,29
1,86
1,11
0,45
0,20
0,10
0,17
0,48
0,81
1,17
1,49
1,84
2,29
2,65
3,14
3,16
3,54
3,82
4,18
4,32
4,37
4,49
4,46
4,33
4,08
3,74
3,37
1,99
0,83
0,19
-0,17
-0,45
-0,52
-1,15
-1,14
-0,96
-0,71
-0,49
-0,25
0,18
0,66
1,06
1,16
0,78
0,47
0,43
0,47
0,50
0,49
0,43
0,38
0,42
0,58
0,75
0,54
-0,24
-0,87
-0,95
-1,06
-1,05
-0,73
-0,16
0,04
0,08
0,05
0,27
0,26
0,08
0,13
0,11
-0,06
0,05
0,08
0,21
0,41
0,57
0,76
0,80
0,80
0,80
0,82
0,84
1,03
1,22
1,22
1,67
1,94
2,42
2,84
3,47
3,78
3,81
3,70
3,60
3,19
3,13
3,29
3,24
3,19
3,24
3,27
2,88
2,65
2,20
1,68
1,44
1,05
1,37
1,59
1,90
2,63
2,87
3,42
4,33
4,43
2,78
1,85
1,37
1,50
0,94
0,30
-0,15
-0,55
-0,77
-1,31
-0,97
-0,85
-0,80
-0,87
-1,03
-1,10
-0,74
-0,53
-0,26
-0,34
-0,22
0,15
0,38
0,91
-0,43
-1,20
-1,15
-1,70
-2,52
-2,99
-3,57
-4,35
-4,75
-5,16
-5,55
-5,87
-6,19
-6,41
-6,45
-5,38
-3,60
-1,76
0,02
1,61
2,62
3,33
3,40
2,45
0,76
-0,44
-1,21
-1,67
-2,01
-2,28
-2,63
-3,06
-3,56
-4,01
-4,36
-4,78
-5,16
-5,38
-5,33
-4,17
-2,12
-0,15
2,04
4,32
5,83
7,12
6,51
5,01
3,17
2,43
1,76
1,31
0,82
0,42
0,06
-0,09
0,03
-0,23
-0,35
-0,41
-0,49
-0,55
-0,78
0,06
1,25
2,08
3,09
3,80
4,22
4,12
3,26
3,19
2,73
1,95
1,27
0,81
0,77
0,72
0,45
-0,40
-1,33
-1,82
-2,03
-2,31
-2,57
-2,33
-2,49
-2,36
-1,37
-0,31
0,17
0,81
1,04
1,29
1,03
0,67
0,32
0,03
-0,24
-0,41
-0,52
-0,65
-0,74
-0,88
-1,02
-1,08
-1,16
-1,19
-1,06
-1,29
-1,85
-2,10
-1,12
-0,16
0,82
1,59
2,32
2,62
2,84
2,50
1,30
0,79
0,48
0,14
-0,37
-0,38
-0,15
0,02
-0,87
-1,15
-0,90
-1,05
-0,73
-0,43
-0,89
-1,24
-1,13
-0,70
-0,21
0,19
0,53
0,57
0,15
0,44
0,31
-0,23
-0,89
-1,11
-1,35
-1,66
-1,67
-1,85
-2,18
-2,10
-2,37
-2,60
-2,94
-3,41
-3,36
-2,86
-1,35
-0,34
0,22
0,83
1,17
1,12
1,24
1,11
-0,26
-0,96
-1,03
-1,38
-1,64
-1,95
-2,35
-2,78
-3,33
-3,82
-3,97
-4,17
-4,28
-4,81
-5,23
-5,01
-3,49
-1,53
0,79
1,50
1,66
1,74
1,22
0,48
0,19
-0,41
-0,42
-0,48
-0,92
-1,56
-1,58
-1,95
-1,98
-2,08
-2,84
-3,78
-3,47
-3,53
-4,77
-3,94
-2,50
-0,31
1,53
2,09
2,94
4,19
3,76
2,64
1,28
-0,07
-0,57
-1,11
-1,71
-1,90
-1,83
-1,74
-1,70
-1,70
-1,78
-1,68
-1,61
-1,39
-1,45
-1,12
-0,16
0,97
2,40
2,43
2,54
1,49
0,21
-0,38
-0,54
-0,41
-0,30
-0,30
-0,28
-0,15
-0,10
-0,02
0,00
0,08
0,18
0,27
0,39
0,54
0,77
1,06
1,51
1,97
2,39
2,42
2,61
2,70
2,75
2,83
2,92
2,92
2,92
2,97
3,09
3,04
3,02
3,00
2,95
2,90
2,98
2,86
2,85
2,74
2,74
3,03
3,73
4,12
4,40
4,72
4,89
4,77
4,65
3,54
1,97
-0,36
-1,64
-2,41
-2,89
-3,38
-3,59
-3,93
-4,17
-4,59
-4,44
-4,32
-3,29
-3,18
-2,77
-1,93
-0,55
0,37
-0,04
0,34
0,39
0,35
0,25
0,28
-0,28
-0,82
-0,98
-1,11
-1,36
-1,40
-1,41
-1,82
-2,87
-4,08
-4,77
-5,31
-5,80
-6,22
-5,83
-4,26
-2,50
-0,39
1,25
3,00
4,21
4,47
4,54
3,84
2,40
0,40
-0,27
-1,03
-1,45
-1,80
-2,31
-2,86
-3,23
-3,07
-3,09
-3,48
-4,23
-4,88
-4,52
-3,06
-1,22
0,57
2,16
3,79
3,61
2,88
2,10
1,84
1,29
0,25
-1,50
-1,32
-1,07
-0,90
-0,77
-0,70
-0,83
-1,00
-0,86
-0,70
-0,75
-0,75
-0,65
-0,34
0,32
1,28
1,13
1,25
1,98
2,06
2,17
1,54
1,29
0,78
0,63
0,14
-1,17
-1,35
-1,53
-2,16
-2,45
-2,43
-2,37
-2,74
-2,68
-2,24
-2,08
-1,90
-0,97
0,50
1,85
3,08
4,22
5,43
5,83
4,77
4,05
3,31
3,02
1,75
0,26
-0,02
-0,33
-0,37
-0,39
-0,25
-0,51
-0,89
-1,09
-1,04
-0,93
-0,27
0,57
1,23
1,16
1,63
1,42
0,89
1,24
2,11
1,35
0,76
1,01
1,12
1,12
1,31
1,44
0,91
0,03
0,10
0,02
-0,03
-0,10
-0,10
0,04
0,18
0,37
0,84
1,47
1,90
1,97
2,19
2,40
2,23
1,82
1,78
1,69
1,51
1,63
1,84
2,04
2,05
1,84
1,56
1,56
1,47
1,40
1,43
1,61
2,26
3,16
4,11
4,76
5,20
6,42
6,86
6,82
6,08
5,43
4,22
3,31
3,07
2,93
2,51
1,94
1,46
1,07
0,52
0,24
-0,03
-0,30
-0,54
-0,58
0,44
2,61
4,79
6,78
8,19
9,45
9,04
9,13
8,59
7,83
6,71
6,07
5,19
4,41
3,65
3,17
2,75
2,09
1,64
1,52
1,48
1,41
1,67
1,62
3,90
6,25
8,09
9,73
10,48
9,98
9,98
10,04
9,76
9,08
8,45
7,80
7,47
7,45
6,94
6,69
6,16
5,16
4,30
4,14
4,00
4,09
4,10
4,17
4,52
5,26
6,22
7,72
8,56
10,60
11,92
12,80
12,69
12,23
10,94
9,83
9,14
8,22
7,29
6,51
5,38
5,39
5,64
5,73
5,48
5,50
5,95
6,93
7,80
9,67
11,10
12,47
12,72
13,28
13,04
12,67
12,44
12,24
11,76
11,03
10,31
9,92
9,38
8,77
8,64
8,03
7,81
7,55
7,85
7,81
7,55
8,47
9,32
10,21
11,24
12,04
12,96
13,70
13,51
13,52
13,52
13,42
13,25
13,00
12,70
12,62
12,17
11,35
10,62
10,08
9,74
9,10
9,03
8,42
8,03
8,14
9,18
10,89
13,34
16,06
17,52
18,22
18,72
18,81
18,86
17,88
16,58
15,86
14,83
13,99
13,24
13,29
12,49
11,89
10,66
9,59
9,12
8,51
7,94
7,62
9,00
11,88
14,15
15,63
17,02
18,48
18,73
18,40
17,19
15,78
14,53
13,73
12,98
12,67
12,26
12,08
11,50
10,89
11,39
11,82
11,67
11,94
11,24
11,70
11,98
12,23
13,23
13,70
14,27
14,72
14,52
14,64
14,35
14,17
14,37
14,37
13,89
12,62
10,93
10,21
10,45
11,02
7,19
6,43
6,91
6,84
6,97
7,30
8,21
9,18
9,55
9,17
9,44
8,34
8,38
9,60
12,22
12,50
12,92
12,58
11,44
11,78
12,57
13,56
13,71
12,32
8,93
8,89
9,26
9,68
9,45
9,42
9,33
9,58
9,88
10,62
11,10
11,13
11,38
11,82
11,96
11,55
10,83
9,79
9,20
7,96
7,77
7,15
6,98
6,39
5,73
5,78
5,52
5,04
5,08
5,98
6,86
7,68
8,32
9,03
7,09
10,13
9,48
9,87
8,67
5,87
5,29
4,88
4,71
4,44
4,15
3,88
3,20
2,63
2,15
1,38
1,11
0,91
1,11
1,82
3,23
5,36
7,30
7,89
8,60
9,43
10,02
10,46
9,76
8,67
7,81
7,23
7,07
6,65
6,51
6,03
4,96
4,42
4,07
3,91
3,67
3,77
3,89
4,32
5,17
6,10
6,73
7,56
8,39
8,82
8,93
8,26
7,20
6,26
4,77
3,64
2,98
2,74
2,45
2,27
2,01
1,88
1,74
1,50
1,17
1,29
1,30
1,35
1,75
2,04
2,41
2,71
2,92
3,45
3,64
3,40
2,84
2,49
2,01
1,67
1,46
1,23
1,06
0,59
0,04
0,06
0,17
-0,76
-1,38
-1,11
-1,17
-0,86
-0,09
0,68
1,51
2,80
3,64
3,15
3,51
4,05
3,46
3,33
2,08
0,95
0,85
1,07
0,87
0,43
0,01
-0,37
-1,03
-1,71
-2,10
-2,42
-2,52
-1,63
0,05
1,62
3,48
3,68
4,57
5,21
5,01
5,37
4,77
4,78
4,19
3,77
3,32
2,97
2,60
1,80
0,86
0,62
0,33
0,28
0,31
0,54
0,74
1,06
2,18
3,31
3,87
4,51
5,45
6,36
6,83
7,06
7,27
7,36
7,00
6,63
6,47
6,36
6,17
5,51
4,99
4,60
4,68
4,54
4,62
4,47
4,26
4,11
4,89
6,09
8,06
10,05
11,60
11,99
12,04
12,11
11,16
10,85
10,04
8,97
8,40
8,43
8,22
7,60
6,78
6,35
5,93
5,72
5,71
5,04
5,34
6,54
7,67
10,30
12,72
14,53
15,16
14,88
14,55
14,58
13,99
13,15
11,32
9,93
9,15
8,23
7,49
6,68
6,11
5,31
4,68
4,14
3,46
2,94
3,13
4,41
6,06
8,47
10,97
12,87
14,46
16,09
16,01
16,03
15,38
14,21
12,26
10,78
9,76
8,70
7,91
7,25
6,56
5,80
5,31
4,99
4,64
3,98
3,72
5,12
7,50
10,31
12,35
14,14
15,12
15,60
15,87
15,81
14,61
13,56
11,95
10,65
9,90
9,28
8,68
8,07
7,22
6,44
5,73
5,04
4,25
3,94
3,90
4,73
6,14
7,92
10,05
11,91
13,29
14,03
13,84
13,64
13,04
11,84
10,54
9,43
8,66
7,63
6,78
6,16
5,63
5,02
4,36
3,75
3,23
2,65
2,74
3,95
5,83
8,47
11,33
14,40
16,18
17,23
18,40
18,77
18,48
16,96
12,64
10,74
10,83
10,26
10,65
10,02
9,29
8,74
8,59
7,79
6,96
6,08
5,93
7,62
10,31
12,53
14,46
15,30
15,58
15,77
15,59
14,55
13,88
13,62
10,67
8,33
8,10
7,86
7,65
7,27
6,86
6,77
6,36
6,05
5,64
5,10
4,92
5,95
8,20
10,81
12,46
13,33
11,50
8,63
9,40
10,05
10,18
10,67
9,85
8,54
7,34
6,33
5,81
5,36
4,41
4,01
3,54
3,16
2,92
2,77
3,39
4,50
5,29
5,64
6,06
5,43
7,10
8,65
9,74
10,27
9,28
8,66
7,64
6,42
4,98
4,33
4,03
3,46
3,10
2,54
2,48
2,31
1,89
2,02
2,67
3,44
4,90
6,29
7,28
8,65
7,69
8,09
9,71
10,12
10,08
9,16
8,36
7,05
6,67
5,79
4,85
4,03
3,59
3,08
2,75
2,26
2,08
2,54
2,45
3,13
4,20
5,69
7,02
7,16
7,52
7,47
8,75
9,00
8,31
8,66
7,58
6,90
6,45
5,56
5,37
4,81
3,86
3,30
2,87
2,81
2,99
2,95
2,90
2,84
2,83
3,22
3,73
4,30
4,93
5,66
6,28
7,16
7,90
8,74
7,92
6,28
5,46
4,63
4,17
3,56
2,91
2,67
3,43
3,97
3,76
3,45
2,92
3,10
3,96
5,55
6,98
8,19
9,04
7,66
7,00
6,26
6,57
6,82
6,81
6,12
5,58
5,03
4,09
3,64
4,10
3,65
3,06
2,18
2,14
2,25
2,61
4,48
6,44
8,64
9,70
10,95
11,67
11,85
12,08
12,27
11,91
11,44
9,81
8,16
6,73
5,79
5,26
4,50
3,84
3,44
3,29
3,43
3,05
2,20
2,00
3,34
5,35
6,84
7,50
8,25
9,62
9,65
9,07
9,16
8,88
8,74
8,41
8,04
7,82
7,51
7,16
7,06
6,78
6,60
6,59
6,72
6,63
6,55
6,61
7,74
9,47
10,28
12,12
11,78
11,79
11,67
10,88
11,06
10,91
10,58
9,87
8,72
7,89
7,42
7,22
6,40
6,05
5,69
5,63
4,94
4,87
4,69
5,44
6,93
9,08
11,83
13,47
14,68
15,98
16,84
17,47
17,42
17,61
16,39
14,15
11,71
10,41
9,30
8,43
7,69
7,12
6,07
5,23
4,64
4,18
3,56
3,88
5,68
8,47
12,52
15,48
17,48
18,86
19,36
20,00
20,25
20,17
18,84
17,23
15,26
14,72
12,97
11,91
10,92
10,24
9,79
9,09
8,88
8,03
7,47
7,65
9,32
12,26
14,59
16,40
18,61
19,06
19,58
20,82
20,57
20,61
19,20
16,29
13,68
12,44
11,63
10,95
9,87
8,85
8,22
7,40
7,11
5,77
5,39
6,09
7,73
10,95
14,47
17,27
18,65
19,97
20,41
19,53
20,38
20,21
18,34
16,67
15,26
14,07
12,63
12,08
10,94
9,95
9,09
8,61
8,15
7,54
7,09
7,56
9,54
12,18
14,36
17,33
19,39
19,90
20,06
21,63
20,72
19,20
17,99
16,97
14,82
14,00
13,32
12,89
12,46
12,26
12,21
11,86
11,40
10,95
10,09
10,36
12,06
13,85
15,74
16,48
16,50
15,43
13,89
12,68
10,72
9,89
9,85
9,63
9,11
8,85
7,82
7,43
7,02
6,93
6,49
6,30
6,35
6,74
6,46
7,02
8,42
11,00
11,67
13,80
14,56
14,70
15,61
18,13
18,51
18,92
17,40
16,17
13,60
12,03
10,75
10,07
9,65
9,02
8,70
8,41
8,00
7,39
6,99
7,79
9,86
12,58
15,00
18,20
20,04
20,65
20,78
20,37
20,03
19,48
19,44
18,71
17,58
16,97
16,30
16,40
15,61
15,07
14,58
14,31
14,28
13,33
12,22
11,64
13,29
16,93
18,97
20,44
20,13
20,92
21,27
22,37
21,68
21,94
20,82
19,22
17,36
16,37
14,81
13,79
12,94
12,27
11,68
11,33
10,93
10,70
10,27
11,54
11,72
14,07
13,41
12,96
14,64
16,47
14,80
11,40
10,79
9,99
9,60
9,44
9,58
9,56
9,18
8,94
8,78
8,87
8,72
8,01
7,54
7,38
7,47
7,40
8,13
8,44
8,15
8,84
10,38
10,43
9,63
9,84
10,59
9,87
9,63
8,39
7,72
7,49
6,87
6,19
5,97
5,82
5,49
5,40
5,49
5,61
5,64
5,92
6,42
9,06
10,77
12,62
14,37
15,96
16,40
16,55
16,80
16,77
15,74
14,48
12,94
12,35
11,87
11,30
11,23
11,22
10,64
10,43
10,35
10,37
9,26
9,08
9,49
9,80
9,10
9,21
9,34
9,78
10,82
11,61
12,94
13,05
12,28
11,45
10,81
10,29
9,83
9,52
9,25
9,11
8,98
8,89
8,74
8,49
8,55
8,91
10,46
13,02
14,99
15,90
16,51
17,57
16,02
15,86
16,32
15,76
15,40
14,91
14,22
13,41
12,50
11,83
11,03
10,31
9,48
8,80
7,69
6,90
6,74
7,65
9,87
12,55
14,79
17,05
19,04
20,47
21,11
21,41
21,65
21,18
19,38
17,34
15,04
13,61
12,45
11,55
10,92
10,24
8,91
8,24
7,75
7,21
7,20
8,06
10,76
13,64
15,94
17,05
18,52
19,57
20,63
20,43
19,81
19,41
18,50
17,51
15,80
14,67
13,82
12,95
12,43
12,17
11,61
11,20
10,76
10,33
10,43
11,42
13,42
15,53
17,48
19,15
20,65
21,78
22,30
22,72
22,71
22,14
21,21
19,97
18,52
17,27
16,39
15,81
15,20
14,48
13,66
12,85
12,09
11,40
11,20
12,15
14,24
16,81
19,63
21,97
23,67
23,23
21,46
20,61
18,79
19,57
19,07
17,93
17,20
16,85
16,27
15,77
15,24
14,72
14,13
13,67
13,51
13,56
13,26
13,13
14,54
13,67
13,92
14,17
14,93
15,85
15,25
15,14
14,76
14,56
14,04
13,64
13,42
13,16
12,98
12,72
12,43
12,20
11,99
11,97
11,90
11,82
11,79
11,82
11,87
13,03
14,15
15,98
17,66
18,50
19,23
20,07
20,12
20,77
19,97
19,20
17,14
16,73
16,52
15,79
13,62
12,01
11,51
11,59
11,55
11,40
11,35
11,55
13,39
14,62
14,45
15,07
15,69
18,04
20,44
19,62
20,75
21,70
21,63
20,36
19,35
18,72
18,06
17,80
17,59
16,45
16,05
14,65
13,21
12,55
13,06
14,89
16,76
18,47
20,49
21,87
23,37
24,61
23,89
24,28
22,20
19,61
20,30
19,70
17,83
16,54
15,30
13,28
12,38
11,91
11,55
10,98
10,10
10,18
11,01
11,69
13,23
15,96
18,87
21,01
22,48
18,75
21,37
19,83
20,59
18,94
17,32
16,05
14,93
14,46
13,99
12,90
12,77
12,54
12,16
11,93
11,58
11,52
11,84
11,96
12,16
12,78
13,16
13,32
15,37
16,48
17,11
16,57
14,68
11,51
11,05
10,13
9,40
8,57
8,17
8,05
8,07
8,04
7,91
6,61
5,74
5,03
5,25
6,58
8,64
10,00
11,14
11,64
12,31
12,88
12,80
12,98
13,19
13,24
12,98
12,58
12,14
11,61
11,36
11,47
11,03
10,44
9,93
9,18
8,70
8,20
8,04
8,40
9,28
10,65
12,20
12,66
11,61
11,54
11,88
10,81
11,01
11,01
10,48
9,95
9,79
9,97
9,91
9,95
10,00
9,93
9,93
10,03
9,84
9,82
10,08
10,38
10,77
11,62
12,54
13,76
14,91
15,64
16,99
18,34
18,70
18,85
16,72
11,65
11,68
11,34
11,53
11,53
11,13
10,93
10,94
11,01
11,42
11,65
11,72
12,26
13,10
14,11
15,12
16,22
16,89
17,50
18,11
18,43
19,07
18,83
17,23
15,51
14,45
13,64
12,82
12,48
12,08
11,53
11,07
10,72
10,70
10,62
10,60
10,86
10,96
11,04
9,93
11,17
12,43
12,53
12,52
12,89
12,92
12,12
11,07
10,50
10,32
9,98
9,69
9,50
9,40
9,54
9,69
9,70
9,67
9,69
9,82
10,20
10,51
10,41
9,98
9,57
10,16
10,15
10,10
10,43
10,07
9,83
10,24
10,89
9,61
7,95
7,41
6,67
6,35
6,07
6,03
5,29
4,81
4,56
5,01
6,05
7,39
10,03
10,84
11,02
12,17
13,08
13,98
14,15
14,26
14,47
13,99
13,41
12,66
11,32
10,18
9,12
8,44
7,86
7,44
7,07
6,56
6,37
7,44
8,85
10,11
11,28
12,44
12,27
11,51
10,98
11,37
11,65
11,62
12,50
12,62
12,84
12,88
12,60
12,34
12,07
11,66
10,63
9,70
9,08
8,70
8,62
8,76
10,01
11,43
12,53
13,26
14,79
16,00
16,17
15,92
16,10
16,10
16,41
16,79
16,11
14,84
13,60
12,86
12,91
12,78
12,50
12,33
12,13
12,02
11,92
12,06
12,28
12,44
13,33
14,38
15,11
15,22
15,30
15,81
16,22
16,18
16,47
16,76
16,59
16,12
15,21
14,61
14,39
14,22
14,06
14,00
13,83
13,14
12,55
12,80
13,77
14,31
15,69
17,56
18,45
18,61
18,47
19,26
19,63
20,20
20,59
20,18
19,48
18,06
16,06
14,83
14,10
13,20
11,99
10,96
9,42
8,34
7,55
7,80
9,23
11,18
12,08
13,84
15,57
17,23
18,90
19,57
20,38
20,75
21,25
20,90
20,40
19,78
19,14
18,58
16,45
15,17
14,41
13,55
12,12
11,06
10,28
9,98
10,14
11,14
11,92
13,00
13,97
14,56
15,35
16,09
16,92
16,78
16,30
15,96
16,22
14,83
13,66
13,42
12,81
12,37
12,05
11,86
11,36
10,70
10,42
10,97
12,10
12,42
13,32
15,26
15,88
14,60
13,09
12,13
12,00
11,15
11,26
10,33
10,75
10,80
9,11
7,74
7,26
7,11
6,87
6,57
5,73
5,00
5,18
5,24
5,99
6,89
7,79
8,45
9,12
9,65
10,26
11,44
11,64
11,64
12,64
12,51
12,27
11,05
9,69
6,96
5,79
5,93
5,64
5,44
4,67
4,21
3,89
4,26
4,27
4,55
4,93
5,65
7,64
8,29
9,70
9,72
10,49
10,44
11,73
12,02
11,84
10,82
9,52
8,60
7,81
7,12
6,14
5,51
5,20
4,64
4,11
4,35
5,46
6,94
7,14
8,23
9,36
9,96
9,91
10,06
10,08
9,88
9,69
9,79
10,09
9,83
9,58
9,64
9,80
9,67
9,59
9,28
8,58
7,82
7,54
7,85
9,13
9,89
10,18
10,75
10,74
12,03
12,63
13,74
13,23
13,00
12,70
12,80
12,76
12,36
11,69
10,68
9,95
9,33
8,27
7,77
7,50
7,58
6,96
7,13
8,50
9,60
9,97
10,92
11,14
11,64
12,17
12,75
13,18
13,68
13,36
13,36
12,69
11,00
9,93
9,14
8,65
7,90
7,53
6,98
6,51
5,67
5,06
5,65
7,16
8,82
10,03
10,60
10,57
11,45
11,27
12,30
9,78
11,51
12,25
12,51
12,85
11,79
10,51
9,89
9,64
9,58
8,81
8,17
7,56
6,96
7,08
8,23
9,71
11,98
15,08
16,06
15,89
17,74
18,86
19,02
19,40
19,81
19,32
18,73
18,51
17,05
15,28
13,83
13,66
13,46
13,72
13,04
11,65
10,49
9,82
9,17
11,07
14,06
16,12
17,20
17,95
18,98
19,80
20,41
20,48
20,84
20,99
20,89
20,69
19,83
17,51
16,88
15,41
14,45
13,73
13,18
13,02
12,96
12,58
13,07
14,95
17,76
19,51
20,59
22,45
23,61
24,51
24,42
24,87
25,06
25,84
25,03
23,73
20,83
19,26
17,54
16,44
15,68
15,28
14,41
13,95
13,03
12,37
13,34
15,40
17,95
21,04
23,08
24,21
24,86
25,38
25,28
25,58
25,23
23,90
23,15
22,05
20,49
19,07
17,83
16,83
16,18
15,42
14,92
14,25
13,17
12,45
12,37
14,03
15,67
17,09
19,78
21,92
23,56
23,82
22,95
23,64
22,50
19,79
19,94
17,87
15,71
14,66
13,99
13,72
13,34
13,19
13,09
12,86
12,50
12,52
12,60
12,55
11,89
13,30
14,92
14,99
15,91
15,92
15,78
15,89
15,66
15,39
15,42
15,35
14,88
15,19
15,57
15,10
15,33
15,22
14,74
13,61
12,94
12,37
12,22
12,88
14,44
17,70
20,89
22,42
23,25
24,03
24,50
24,87
24,16
23,73
21,51
22,54
21,65
19,90
18,83
17,97
17,16
16,33
16,31
15,69
14,99
13,78
14,26
15,94
19,00
19,80
19,40
19,15
19,89
21,07
22,13
19,01
18,41
18,53
16,83
15,37
14,12
13,70
13,40
13,19
12,67
12,44
12,31
12,29
12,30
12,11
12,31
12,62
13,65
14,45
15,80
16,42
19,10
18,48
16,47
16,54
17,50
17,85
17,46
17,52
16,87
15,98
15,28
14,39
14,09
13,71
12,67
12,01
11,59
11,27
11,52
13,79
16,00
17,11
17,98
19,03
20,16
20,91
21,49
20,36
20,99
21,34
20,69
20,19
18,98
17,33
15,84
15,31
15,00
14,45
13,87
13,41
13,08
12,74
12,68
14,34
16,50
17,90
19,25
19,80
20,56
20,76
21,94
22,98
23,02
22,93
22,89
22,36
21,80
20,58
19,38
19,04
18,36
17,79
17,40
16,53
16,05
15,51
16,12
17,52
19,81
21,45
22,48
23,02
23,63
24,15
25,18
25,52
25,78
25,45
24,87
23,74
21,53
19,36
17,52
16,21
15,02
14,20
13,62
13,22
12,61
12,60
13,12
14,83
17,44
19,23
19,94
18,89
15,26
14,44
15,74
16,67
17,50
18,07
17,97
17,44
16,50
15,99
15,50
15,14
15,30
15,05
14,90
14,66
14,76
14,71
14,97
15,88
17,17
18,55
20,40
21,84
22,28
22,62
22,73
21,80
22,40
22,39
22,29
21,29
20,61
19,88
19,37
18,94
18,49
18,56
18,24
17,83
17,82
17,08
16,88
17,06
17,82
17,98
17,33
17,30
17,90
20,56
22,22
22,63
23,38
24,17
21,90
20,22
19,20
18,11
17,24
16,48
15,74
15,65
15,40
13,10
12,43
12,12
12,06
13,08
14,29
15,20
16,35
17,61
17,87
17,04
16,57
18,23
18,72
18,26
17,79
17,60
16,83
15,24
14,15
13,07
12,49
11,80
11,34
10,82
11,07
11,32
12,21
13,25
14,62
15,50
16,11
15,77
15,92
16,61
17,33
18,25
18,76
19,87
21,33
22,48
20,68
18,75
16,85
15,68
14,00
13,04
12,50
11,81
11,39
10,98
11,41
12,10
13,22
14,14
15,54
16,17
16,52
17,26
18,10
18,91
19,09
19,31
19,62
19,42
18,94
18,55
17,98
17,30
16,78
16,29
16,16
15,78
15,42
15,05
15,63
16,52
17,64
18,66
20,23
21,21
21,21
22,20
23,01
23,38
23,20
22,81
19,89
16,73
16,08
15,83
14,96
14,54
13,50
12,84
12,31
11,29
10,35
10,35
10,35
11,05
12,38
13,29
13,50
14,33
15,66
15,71
16,59
16,61
16,62
15,82
15,91
15,35
14,50
13,52
12,66
11,59
10,64
9,98
9,28
8,97
8,80
8,75
9,00
9,48
9,43
10,47
11,21
13,10
14,84
15,47
15,57
15,82
17,91
19,11
15,68
14,70
14,40
13,86
13,74
13,27
12,68
12,23
11,78
11,27
11,50
11,48
11,18
11,35
11,96
11,61
11,78
12,30
13,06
14,57
14,36
15,60
16,64
17,58
16,30
16,84
16,48
15,43
15,00
14,45
14,59
13,93
12,91
12,52
12,03
12,05
12,46
13,11
14,08
15,81
16,12
17,58
16,74
12,63
13,95
13,92
14,19
15,37
15,56
16,12
14,87
13,41
12,69
11,72
10,41
9,94
9,56
9,59
9,11
8,55
8,99
10,84
13,33
14,62
15,35
16,85
17,49
17,97
17,88
18,98
19,00
18,95
18,69
17,98
16,81
15,74
15,76
15,08
14,92
14,22
13,87
13,57
13,20
12,30
13,18
14,46
16,49
17,66
18,49
19,16
18,53
19,83
19,23
18,98
19,07
18,72
19,01
18,72
17,75
16,75
15,42
14,24
13,34
12,47
11,69
11,06
10,56
10,31
10,70
12,32
14,57
16,82
17,76
19,00
19,32
19,36
20,32
20,51
19,54
19,72
18,02
19,49
18,40
17,16
16,71
16,33
15,59
14,72
13,88
13,49
13,62
13,65
14,58
16,25
18,71
20,89
22,84
23,29
23,20
19,87
17,91
19,75
21,80
22,50
22,16
22,31
21,61
16,74
14,83
14,31
13,67
13,59
13,62
13,32
13,35
13,76
13,88
15,35
16,96
18,09
18,46
18,69
19,02
19,20
19,37
19,44
19,95
20,29
19,87
19,72
18,81
17,49
16,50
15,29
14,26
13,64
13,32
12,37
11,43
11,62
11,85
13,33
14,80
15,80
16,36
17,87
17,00
16,95
15,22
14,46
14,17
14,90
14,93
15,41
15,69
15,11
14,17
13,46
13,19
13,09
12,83
12,34
11,87
11,69
11,83
12,23
13,37
13,76
14,25
14,42
14,79
15,67
17,22
17,76
17,90
17,99
17,90
17,54
17,45
15,91
15,06
14,61
13,72
12,99
12,28
11,92
11,82
11,87
12,09
12,68
15,02
16,70
18,53
19,18
21,22
21,41
20,69
20,87
20,74
20,67
20,27
20,11
19,78
18,80
18,07
17,19
16,97
16,27
15,59
15,10
15,04
14,99
15,65
16,37
17,94
18,88
19,15
17,75
18,93
17,65
19,28
19,93
18,16
16,71
18,81
17,54
17,56
16,55
15,21
14,39
13,55
12,53
11,88
11,44
11,26
10,63
11,08
12,67
13,65
14,85
15,89
17,12
17,64
17,66
17,34
17,00
17,63
17,84
18,08
17,87
16,04
14,76
13,52
12,77
12,35
12,01
11,65
11,54
11,34
10,57
11,69
13,35
14,47
15,09
16,42
17,32
18,16
19,45
20,11
21,34
21,15
21,10
21,26
20,86
20,03
19,64
19,16
18,18
17,43
16,73
16,15
15,54
15,06
15,13
15,62
17,01
19,51
21,02
22,73
23,52
21,40
17,90
18,92
18,94
19,89
19,78
14,00
15,85
15,41
14,80
14,11
13,46
12,90
12,41
12,10
11,67
11,27
11,06
11,38
12,18
14,02
15,47
16,71
17,37
18,12
19,12
20,33
19,96
19,95
20,09
20,71
20,02
17,83
16,56
15,69
14,59
13,47
13,00
12,84
12,15
11,69
11,36
11,55
13,12
14,93
16,46
17,51
17,90
14,06
17,00
17,42
17,31
18,19
16,08
12,05
14,12
13,75
13,25
12,69
11,63
11,04
10,84
10,57
10,24
10,21
10,27
10,76
12,26
14,39
15,89
16,92
18,36
19,05
20,04
19,63
20,03
20,63
20,75
20,37
19,87
19,13
18,58
17,98
17,42
16,87
16,14
15,26
14,84
14,46
13,93
13,53
14,40
15,83
17,17
18,30
19,48
18,36
18,43
19,86
19,78
18,32
17,67
17,77
17,63
17,30
16,10
15,35
14,26
13,19
12,31
11,74
11,28
10,83
10,50
11,04
12,29
13,69
14,64
15,84
16,85
17,89
18,23
18,91
19,42
19,63
19,78
19,69
19,09
18,30
16,55
15,19
14,44
14,06
14,13
13,74
12,51
12,66
12,09
12,78
14,50
16,45
18,62
20,32
21,71
23,30
24,57
25,07
25,68
26,05
25,55
25,26
23,93
21,77
20,70
20,12
19,69
19,28
18,93
18,23
17,66
17,14
16,50
16,77
18,25
19,98
22,08
25,12
26,63
27,98
29,12
30,19
29,50
24,80
19,17
20,70
20,96
20,49
19,81
18,79
17,45
17,52
17,06
16,69
16,55
16,62
16,38
16,36
16,64
17,07
17,38
18,01
18,38
19,39
15,90
18,76
20,46
20,73
21,38
20,28
19,87
19,42
18,28
17,22
16,44
16,33
16,12
15,75
14,99
14,55
13,79
13,97
14,00
14,55
14,92
15,83
16,15
16,66
16,89
17,61
18,06
18,21
17,71
16,58
15,23
14,94
14,56
14,00
13,48
12,87
12,27
12,10
11,62
10,83
10,16
10,77
11,57
12,67
14,74
16,08
16,82
18,13
18,47
17,63
18,02
19,02
19,52
19,64
18,99
18,35
17,39
16,79
15,01
14,49
14,20
13,42
12,41
11,79
11,76
11,80
11,85
11,90
11,96
12,22
12,78
12,85
13,42
13,95
14,14
14,34
15,14
15,25
15,42
12,89
12,61
12,83
12,82
12,59
12,35
12,17
11,97
11,84
11,68
11,81
12,10
12,56
13,14
12,90
13,85
14,74
16,17
16,31
16,09
15,21
15,11
14,92
14,53
14,28
14,22
13,96
13,72
13,04
13,07
12,87
12,52
12,12
11,78
11,44
11,63
12,58
12,98
14,00
15,10
16,26
16,60
16,89
17,59
17,98
18,16
18,33
18,15
17,43
16,66
14,90
14,10
13,91
13,57
13,31
13,26
12,73
12,82
13,33
13,56
13,97
14,73
15,85
17,42
19,23
19,04
19,67
19,90
19,85
20,16
19,77
19,48
19,00
18,64
18,28
17,70
17,22
16,67
16,30
15,97
15,58
15,54
15,89
16,18
16,71
16,70
17,04
16,93
17,55
18,50
18,91
18,85
18,99
17,43
18,00
18,28
18,35
17,55
16,86
16,45
16,32
16,02
15,85
15,80
15,45
15,74
16,11
16,38
19,13
20,76
21,96
22,40
24,33
25,20
25,10
26,48
26,87
27,40
27,34
25,84
23,88
22,34
21,42
20,89
20,88
20,44
19,99
19,64
18,76
17,70
18,12
19,44
21,20
22,48
23,31
24,37
26,06
27,19
28,25
29,11
29,17
29,05
29,64
28,50
26,51
25,39
21,89
18,62
17,87
17,28
17,33
17,35
17,66
17,67
17,88
18,47
18,41
19,51
20,42
21,52
21,46
22,87
23,91
24,25
24,89
24,77
24,45
23,84
22,69
21,16
19,86
19,69
19,08
18,47
17,06
16,35
15,95
15,73
16,12
17,59
19,44
21,19
22,83
25,21
27,02
28,14
29,25
29,94
30,40
30,48
29,16
27,94
27,09
26,22
20,88
19,31
19,16
19,04
18,59
18,09
17,62
17,64
17,88
18,05
19,58
20,15
20,75
22,02
22,80
23,12
23,37
23,92
24,19
24,45
24,54
23,69
23,64
21,75
21,11
19,91
18,40
17,88
17,25
17,04
16,82
16,61
16,80
18,20
19,90
20,60
20,39
19,23
18,16
17,95
17,69
17,81
17,34
17,71
18,90
19,00
18,31
17,30
16,50
16,36
16,55
16,40
16,48
15,10
14,34
14,39
14,04
14,77
16,10
17,42
18,38
21,13
23,34
24,90
26,19
26,99
27,02
27,32
27,70
27,15
24,53
23,01
22,14
21,77
20,47
19,08
19,15
18,91
18,27
17,76
18,11
18,19
17,81
17,98
18,34
18,97
20,20
21,66
22,26
24,37
23,94
24,06
23,91
22,99
21,64
20,40
19,95
19,04
17,44
16,00
15,83
15,35
14,79
14,28
14,62
16,20
18,02
19,26
20,16
20,74
21,64
22,43
22,36
22,41
22,67
22,56
22,46
21,87
20,79
18,62
17,29
16,46
15,74
14,43
13,69
13,57
13,44
13,31
13,08
13,10
13,16
12,91
13,10
14,26
15,12
16,41
16,81
17,20
17,01
17,61
18,10
17,12
15,86
15,14
14,61
14,01
13,80
13,27
12,59
12,00
11,53
11,31
11,64
12,35
13,66
15,82
17,10
17,43
17,22
18,02
18,09
18,61
17,83
19,19
19,13
17,08
16,28
15,47
15,35
15,05
14,20
13,23
12,63
11,88
11,65
11,52
11,54
12,76
15,00
17,00
18,55
19,82
21,21
21,27
21,82
22,38
22,77
22,90
23,06
22,62
20,94
18,32
17,05
15,79
15,27
14,48
13,75
13,16
12,78
12,56
13,16
14,56
16,87
19,18
20,94
22,62
23,65
25,00
25,68
26,25
26,27
26,66
26,13
25,71
23,81
21,98
21,26
20,63
20,04
18,93
17,75
16,93
16,44
15,83
15,87
16,91
18,99
22,15
24,29
25,39
26,48
27,54
28,32
29,12
29,60
29,61
29,48
28,28
26,14
24,46
23,42
22,80
22,12
20,86
20,03
19,13
18,09
17,78
17,86
19,03
21,84
23,57
25,71
27,16
28,49
29,61
29,02
29,10
29,50
28,92
28,40
27,42
25,63
22,38
18,06
17,54
17,28
17,39
17,97
16,64
16,66
16,28
16,34
16,70
17,77
19,26
20,63
22,04
23,62
24,54
24,87
26,02
25,86
22,07
22,24
22,18
21,84
20,61
20,14
19,23
18,69
17,80
17,16
17,07
16,77
15,58
14,88
15,98
18,20
20,15
21,25
22,28
22,95
23,60
23,01
23,43
24,54
25,01
24,05
24,08
22,30
21,28
20,35
19,40
18,61
18,28
17,31
16,12
15,55
14,91
14,90
16,11
17,99
19,49
20,81
22,01
22,88
24,67
24,02
24,68
23,90
24,56
25,05
24,74
23,41
21,34
20,64
19,98
18,78
18,41
18,33
18,17
17,27
16,32
16,40
18,03
20,16
22,55
24,91
26,33
28,46
28,54
27,34
28,73
29,57
29,61
28,38
27,24
25,51
23,96
22,91
21,57
21,03
20,63
20,02
19,60
19,08
18,59
18,53
19,53
22,28
24,82
26,53
28,03
29,48
30,11
31,18
29,50
29,47
29,18
27,58
26,97
26,32
25,29
24,28
23,35
22,03
20,90
19,93
18,93
17,92
16,90
16,54
17,95
19,87
21,85
23,56
25,23
26,90
28,03
29,07
29,53
29,75
29,43
29,08
27,79
25,91
24,72
23,90
23,00
21,59
20,47
19,68
19,45
18,20
16,79
16,43
17,65
19,99
21,78
23,30
24,86
26,42
27,34
28,44
29,16
29,50
29,26
28,94
27,95
25,99
24,44
23,15
21,99
21,38
20,89
20,28
19,32
18,25
17,93
17,95
18,25
20,48
23,05
25,62
27,25
28,42
29,37
29,22
30,35
28,99
30,11
29,45
28,30
26,19
24,21
22,97
22,65
22,03
20,95
20,19
19,61
18,46
17,46
17,40
18,58
20,58
23,54
26,07
27,73
29,05
28,95
30,38
31,10
31,20
30,14
30,25
28,03
26,10
24,47
24,09
23,58
22,53
21,79
20,70
19,43
18,78
18,12
18,15
19,16
20,88
23,39
25,99
27,79
29,72
31,03
30,97
31,80
31,19
31,32
30,70
29,31
27,01
25,41
24,00
23,00
21,96
21,13
20,21
19,47
18,77
18,00
17,71
18,66
20,84
23,70
26,17
27,06
29,35
29,47
30,53
30,07
29,88
29,29
28,67
28,13
26,39
25,29
24,61
24,01
23,51
23,09
22,41
21,01
21,04
20,78
20,67
20,79
21,44
21,81
23,87
26,15
28,82
30,60
31,03
31,63
32,37
32,14
31,94
30,22
28,80
27,81
27,35
26,35
26,52
25,49
23,34
19,15
18,50
17,02
16,48
16,79
17,07
17,24
17,90
19,01
19,79
20,81
21,23
21,34
19,52
17,92
19,88
19,34
17,39
17,05
16,74
16,11
15,72
15,32
15,32
15,50
15,71
15,80
15,96
15,93
15,54
15,68
16,20
18,00
19,10
20,22
18,26
19,85
19,98
19,72
20,19
21,04
19,41
17,73
16,81
16,64
16,43
16,55
16,32
15,63
14,23
14,16
14,83
15,43
16,20
17,87
19,50
20,79
22,31
23,52
23,52
23,78
24,00
24,11
23,81
22,99
21,56
20,49
19,44
18,99
18,71
17,34
16,77
16,58
15,53
15,46
15,02
15,59
17,41
19,18
21,55
23,01
24,16
24,88
25,48
26,33
26,65
26,48
25,93
25,20
23,70
22,89
22,59
22,29
21,60
20,92
19,93
19,30
18,62
18,18
17,91
18,15
18,95
20,31
21,83
21,59
22,59
23,98
24,43
24,95
24,79
24,83
24,48
23,84
23,08
22,29
21,54
21,10
20,96
20,17
19,45
18,87
18,06
17,75
17,58
18,26
19,73
20,50
21,85
22,88
23,05
24,22
24,75
25,53
25,98
26,33
26,63
26,03
25,03
24,01
23,01
22,16
21,10
19,99
19,27
19,33
19,62
19,45
18,65
18,65
19,54
20,74
22,31
23,27
24,73
25,99
25,44
25,76
25,10
23,83
23,90
23,48
22,66
21,95
21,30
20,59
19,64
19,01
19,28
18,97
18,37
18,31
18,22
17,47
17,02
17,26
17,65
18,24
18,57
18,49
18,37
20,91
23,13
19,88
16,48
17,85
17,37
18,36
18,19
17,60
16,83
16,32
16,76
15,68
14,87
13,81
12,83
13,86
14,64
15,67
17,06
18,39
19,26
19,85
20,41
20,44
19,83
17,47
19,83
19,01
17,86
17,07
16,11
15,27
14,61
14,29
14,12
14,18
13,98
13,35
12,79
12,81
13,52
14,85
16,09
17,13
17,47
18,32
18,68
18,69
18,24
18,81
19,08
18,34
17,01
16,06
15,45
14,80
14,15
13,68
13,54
13,07
13,39
13,47
13,35
11,30
13,79
16,95
19,02
20,41
21,38
22,52
22,14
21,84
21,50
21,72
20,95
20,25
18,40
17,43
16,64
16,28
15,76
15,53
15,28
14,87
14,45
14,25
14,21
14,63
16,79
18,85
21,65
22,96
23,66
23,47
22,97
21,18
17,57
16,91
16,63
16,34
15,92
15,22
15,34
15,21
15,18
14,77
14,21
13,66
13,88
13,77
13,13
13,73
14,75
15,82
16,95
18,19
18,28
19,32
19,64
20,72
20,76
20,75
20,34
18,59
17,36
16,13
15,59
15,07
14,71
14,57
14,47
14,14
13,51
13,39
13,39
13,31
13,72
14,00
15,47
16,59
18,30
19,24
19,48
17,36
16,82
17,66
18,03
17,38
16,50
15,73
15,26
14,98
14,82
14,75
14,71
14,97
15,04
15,06
15,09
15,09
14,98
14,32
15,28
16,18
17,67
18,43
18,64
18,68
18,15
17,26
16,83
16,69
16,24
15,01
14,43
14,06
14,01
13,91
14,06
14,16
14,21
14,33
14,37
14,50
14,75
15,08
15,79
16,65
18,02
19,19
20,20
20,88
21,09
21,80
20,78
19,84
19,22
18,11
17,74
17,41
17,09
16,59
16,03
15,68
15,35
15,19
15,26
15,44
15,76
16,82
17,90
18,52
19,25
19,95
20,94
21,69
20,75
20,64
20,73
20,76
18,88
18,04
17,20
16,31
16,79
17,17
16,18
14,81
13,83
13,78
14,04
14,99
16,41
18,38
19,59
18,76
16,12
16,54
16,82
16,82
16,71
16,52
16,64
16,76
15,18
14,44
13,29
13,03
13,17
12,90
12,24
12,10
11,77
11,33
11,02
11,11
12,11
13,47
14,37
15,02
14,96
16,36
15,91
15,81
15,71
16,35
14,26
13,08
12,42
12,33
12,13
12,31
12,34
12,06
11,49
10,96
10,78
10,93
10,49
10,91
11,84
13,32
14,59
15,64
15,55
15,92
17,42
17,82
18,04
17,57
17,29
16,34
15,21
14,76
14,53
13,89
13,17
12,29
12,18
11,45
11,59
11,69
12,17
12,42
13,97
17,57
19,07
20,57
21,92
22,77
23,43
24,11
24,03
23,88
23,02
20,61
18,68
17,14
15,97
15,40
14,87
14,14
13,89
13,56
13,15
12,79
12,63
13,42
14,85
17,04
19,90
22,91
24,62
26,10
26,91
27,12
27,68
27,90
26,49
24,16
21,47
20,08
19,12
18,29
17,97
17,68
16,91
16,66
16,14
15,30
15,49
16,82
18,47
20,72
23,23
24,82
25,85
26,11
26,11
27,19
27,29
26,78
25,54
23,10
20,28
19,40
19,34
18,54
17,31
16,39
16,23
15,83
15,34
14,76
14,82
14,88
17,06
19,04
21,71
23,57
25,24
26,34
27,10
27,96
26,72
26,82
23,98
22,09
20,85
20,15
18,85
18,16
17,72
17,31
16,78
16,22
15,75
15,37
15,07
15,20
16,76
19,33
22,15
24,25
25,85
26,84
27,42
28,03
28,41
28,48
26,44
24,11
22,89
22,56
21,17
19,68
18,81
18,71
18,50
18,28
16,80
16,59
16,29
16,19
17,84
19,45
21,55
23,83
24,47
25,20
25,25
25,03
25,81
25,06
23,48
21,83
19,67
18,20
17,13
15,69
14,41
13,38
12,83
12,18
11,72
11,11
10,66
10,65
12,37
15,06
16,86
18,57
20,21
20,91
21,64
21,45
21,36
20,68
19,66
17,58
15,43
13,85
12,54
11,30
10,51
9,77
9,50
9,84
10,23
10,17
9,98
11,02
12,94
14,83
15,77
17,40
16,80
19,37
19,94
19,28
19,60
19,63
19,83
18,04
16,02
14,69
14,62
14,13
12,87
11,88
11,32
10,55
9,71
9,17
8,41
8,81
11,06
13,83
16,53
18,72
20,16
21,75
22,59
23,37
23,55
23,28
22,38
19,75
17,84
16,63
15,43
14,51
13,80
13,10
12,54
12,25
11,97
11,95
11,90
12,33
14,22
16,46
17,88
14,73
16,76
18,25
19,04
20,59
21,69
22,63
22,63
21,49
18,75
17,82
17,36
16,81
16,21
15,63
15,30
14,55
14,00
14,19
14,56
15,32
15,46
15,72
16,67
17,77
18,76
18,72
18,75
18,97
19,48
19,59
18,55
17,10
15,86
15,19
14,50
13,73
12,82
12,12
11,26
10,04
9,97
9,41
8,91
9,31
10,79
12,73
13,62
15,81
18,13
19,11
18,84
19,00
19,45
19,68
19,20
18,53
16,96
15,73
15,00
14,19
13,63
13,70
13,10
13,50
13,81
13,66
14,12
14,42
16,40
17,49
19,13
21,32
21,83
22,61
23,61
23,94
23,87
23,34
22,67
21,61
20,82
20,82
19,72
18,89
18,24
17,81
17,47
16,81
15,53
14,94
14,46
14,04
14,91
16,09
17,00
17,88
18,48
18,83
19,32
19,30
18,72
18,04
17,02
15,60
14,69
14,55
13,48
12,61
11,93
11,23
10,79
10,11
9,66
9,03
8,67
8,62
9,80
11,51
12,94
14,60
15,35
15,74
16,22
16,23
16,24
16,10
15,85
14,21
13,18
12,56
12,35
12,36
12,66
11,14
10,93
9,47
8,33
8,00
8,39
7,93
10,03
12,83
15,29
17,02
17,64
18,79
19,51
19,98
19,83
20,17
19,23
15,89
14,65
13,73
12,94
11,48
10,50
9,94
9,39
8,42
7,77
7,44
6,99
7,13
9,25
12,41
14,81
17,09
19,37
20,55
21,42
22,62
22,48
21,96
21,23
18,35
16,45
15,31
14,48
13,85
13,07
13,05
12,57
12,01
11,16
10,54
10,27
10,62
12,08
14,17
16,39
19,05
20,95
21,79
21,38
20,32
19,30
18,52
17,61
16,58
15,90
15,69
15,59
15,15
14,94
14,43
13,61
12,60
12,17
11,63
11,15
10,93
11,74
12,94
16,18
17,25
17,76
18,14
17,99
17,67
17,33
16,94
16,63
16,33
16,16
15,80
15,53
15,87
15,65
15,42
15,70
14,81
15,11
15,38
14,51
11,84
10,56
11,01
11,85
13,59
14,02
14,45
14,13
14,27
14,38
14,43
11,82
11,24
9,80
10,11
10,26
10,72
10,78
10,84
10,51
10,19
9,97
9,85
9,98
9,84
10,16
10,49
10,82
11,59
12,42
12,92
13,22
13,28
13,49
13,61
12,72
11,27
10,90
10,95
10,49
9,80
9,61
9,61
9,67
9,37
9,46
9,27
9,48
9,79
10,04
10,38
10,54
11,59
12,37
12,87
11,97
12,24
11,86
11,76
11,43
10,94
10,36
10,06
9,84
9,81
9,69
9,36
9,01
9,08
9,18
9,15
9,43
9,52
9,75
10,15
10,90
11,91
12,52
12,96
11,81
12,69
13,43
13,47
13,23
12,48
11,68
10,86
10,44
9,79
9,40
9,46
9,58
9,90
10,09
10,39
10,57
10,76
11,22
11,71
12,17
13,68
14,64
14,56
14,70
15,53
16,33
15,60
14,06
12,76
11,93
11,68
11,33
10,88
10,65
10,45
10,24
9,60
9,13
8,95
8,28
8,21
8,77
9,25
9,84
10,29
10,15
9,91
9,95
9,99
10,19
10,52
10,83
10,73
10,79
10,70
10,61
10,76
10,70
10,18
9,75
9,29
9,25
9,45
9,40
9,48
9,75
10,45
11,15
12,05
11,70
11,81
12,60
13,22
13,39
14,10
14,09
13,71
13,65
13,68
13,09
12,08
11,34
10,70
10,07
9,59
9,42
9,48
9,19
9,11
9,70
10,92
11,89
13,59
14,15
14,44
14,40
14,59
14,20
13,27
13,36
13,50
13,63
13,79
13,88
13,90
13,83
13,80
13,80
13,76
13,65
13,43
13,54
13,34
13,21
13,15
13,43
14,13
15,14
15,23
16,09
16,18
14,31
13,30
12,86
12,53
11,89
11,65
11,22
10,75
10,72
10,46
10,34
10,33
10,18
9,94
10,05
9,95
10,07
10,36
10,86
11,16
11,34
12,27
13,12
13,09
13,05
13,36
12,58
12,09
11,74
11,45
11,15
10,70
10,44
10,35
10,18
10,00
9,90
9,89
9,90
10,01
10,24
10,65
11,67
13,08
13,84
14,29
14,58
15,42
15,87
15,28
14,26
12,78
12,14
11,70
11,28
10,80
10,07
9,53
9,08
8,04
8,02
7,74
7,55
6,49
6,65
8,24
11,02
13,72
15,83
17,47
17,51
16,51
16,39
16,50
15,33
14,70
14,24
13,87
13,49
13,16
13,04
12,83
12,15
11,65
11,28
11,00
10,95
10,92
11,11
11,99
13,81
15,61
16,51
17,49
17,60
17,73
17,63
17,43
16,51
15,47
14,72
14,10
12,93
11,78
10,64
9,96
9,26
9,53
9,18
8,89
8,86
8,87
8,85
10,16
13,30
15,82
18,33
19,22
19,55
19,84
19,56
18,27
16,59
15,76
14,93
14,73
14,66
14,39
13,82
13,19
12,84
12,97
12,78
12,10
11,74
11,58
12,54
14,96
17,80
19,68
21,79
23,71
25,11
25,28
25,11
24,30
22,94
21,21
19,59
18,55
18,14
17,88
16,93
16,53
16,61
16,29
16,07
15,70
15,06
14,20
15,00
15,50
17,67
19,55
20,11
18,85
18,86
17,97
17,06
15,76
14,34
14,08
13,07
12,17
12,02
12,13
12,10
12,09
11,79
11,41
11,16
10,95
10,61
10,02
9,85
10,71
12,49
14,08
15,15
15,58
16,32
16,30
16,30
15,79
14,25
13,13
12,17
11,52
10,71
10,12
9,24
9,28
8,80
8,19
7,30
6,83
6,94
6,77
6,78
7,10
8,41
9,78
10,93
11,59
11,74
11,86
11,73
11,44
10,81
10,16
9,46
9,01
8,54
8,18
7,57
7,35
7,00
6,60
6,27
6,15
6,25
6,52
6,35
6,50
7,26
8,04
8,39
8,33
10,23
11,63
11,95
11,26
9,74
8,63
8,02
7,46
6,98
6,99
7,11
6,67
6,38
6,36
4,72
4,52
3,88
3,22
3,49
4,75
8,14
10,44
10,43
11,24
11,23
11,96
11,20
10,75
9,27
8,43
7,94
7,18
6,52
6,09
5,30
4,71
4,13
3,69
3,56
3,19
2,86
2,62
3,13
4,73
6,64
9,12
9,47
11,06
10,13
9,49
10,10
9,50
7,03
5,63
4,70
4,01
3,49
3,09
2,23
1,65
0,21
-0,31
-0,51
-0,66
-0,35
0,30
0,84
2,20
3,26
5,56
7,30
8,77
9,93
10,68
10,50
9,54
7,88
6,75
6,26
5,73
5,17
4,84
4,35
3,65
3,22
2,69
2,19
1,93
1,69
1,53
2,35
4,52
6,61
9,15
11,19
12,41
12,78
12,33
13,12
12,81
10,91
9,89
9,40
8,64
7,69
7,88
6,73
6,40
5,75
5,32
4,78
3,79
3,05
2,74
3,45
5,69
7,78
9,10
10,14
10,75
10,50
10,33
9,66
8,63
7,44
6,68
6,34
6,19
5,86
5,36
4,91
5,03
5,66
6,10
6,44
6,76
6,93
7,08
7,18
7,79
8,84
9,58
9,80
9,88
9,64
9,07
8,18
7,97
7,70
7,24
6,67
6,31
5,90
5,43
5,12
4,82
4,46
4,41
4,20
4,31
4,50
4,87
5,15
5,50
6,26
6,98
7,52
8,00
8,79
8,82
8,75
8,54
8,13
7,79
7,57
7,40
7,23
7,05
7,35
7,20
6,93
6,55
6,18
5,60
4,96
4,36
4,12
5,02
6,42
8,07
8,65
9,19
9,42
9,64
9,98
8,92
7,19
7,19
6,99
6,76
6,73
6,88
6,25
6,50
7,06
7,31
7,70
7,85
7,82
7,76
8,16
8,76
9,47
10,18
10,80
11,03
10,73
10,34
10,80
10,69
9,37
8,79
8,71
8,64
8,69
8,84
8,53
8,08
7,74
7,43
7,16
6,65
6,24
6,08
6,26
6,64
7,54
8,65
9,84
10,86
11,37
12,48
12,45
11,53
10,38
10,40
10,03
9,63
8,44
8,39
8,34
7,09
6,82
7,33
5,78
4,81
5,05
5,01
4,98
5,53
7,29
10,41
11,95
13,40
13,58
13,02
12,49
11,72
11,26
10,94
10,69
10,25
10,29
9,95
9,47
9,19
9,27
9,28
9,56
9,85
9,92
10,09
10,54
11,43
13,22
16,25
19,15
19,92
17,95
16,33
17,32
15,76
13,57
12,19
11,15
10,82
10,27
7,95
8,57
8,67
7,57
7,28
6,71
6,31
5,59
5,39
5,49
6,11
9,35
12,08
13,78
15,47
16,24
16,52
16,36
15,38
13,96
13,13
12,00
11,87
11,31
10,37
9,77
9,24
9,36
8,88
8,83
8,60
8,88
8,28
8,44
10,07
12,78
15,01
16,91
16,56
15,37
15,37
15,96
16,23
16,45
16,74
16,86
16,87
17,23
17,02
16,68
16,19
16,47
16,77
16,28
15,08
14,79
14,51
14,74
15,50
16,68
17,62
18,96
19,25
19,71
19,66
19,41
18,81
17,51
16,77
16,32
16,30
15,41
14,48
13,04
12,53
12,63
12,09
11,78
11,33
10,99
11,64
11,88
13,21
15,00
17,13
18,86
19,33
18,89
18,83
18,97
18,05
16,43
15,53
14,99
14,06
13,93
13,33
12,98
12,27
12,13
11,83
11,59
11,27
10,47
10,49
10,34
10,14
10,85
11,20
11,65
11,64
11,87
12,00
11,73
10,94
10,40
10,15
10,08
10,00
9,92
9,80
9,69
9,43
9,25
9,12
8,85
8,56
8,31
8,02
7,72
7,78
8,43
10,55
12,63
13,68
13,84
13,09
11,26
10,02
9,63
9,47
9,25
9,11
8,96
8,59
8,24
8,08
8,15
8,25
8,14
7,98
7,81
7,87
8,06
8,35
8,51
8,86
9,10
9,41
9,69
9,94
10,10
10,10
10,09
9,82
9,81
9,73
9,76
9,52
9,31
9,14
9,10
9,04
9,11
8,63
8,03
7,66
7,96
8,36
9,76
11,71
11,08
10,98
11,21
12,15
12,70
12,52
12,21
11,71
11,39
11,15
10,93
10,76
10,73
10,76
10,61
10,51
10,52
10,51
10,37
10,30
10,32
10,33
10,46
10,54
10,65
10,75
10,70
10,73
10,98
11,18
11,18
11,23
11,26
10,95
10,66
10,41
10,47
10,58
10,60
10,60
10,60
10,63
10,62
10,60
10,70
10,68
10,71
11,37
11,84
11,94
11,84
11,85
12,12
11,35
10,98
10,96
10,66
10,49
10,31
10,18
10,18
9,64
9,40
9,07
8,87
8,60
8,23
7,93
7,81
7,95
9,09
9,88
10,10
10,13
9,85
9,42
9,32
8,85
8,50
8,36
8,18
8,02
7,44
7,06
6,74
6,51
6,67
6,69
6,48
6,37
6,44
6,73
6,95
7,27
7,46
8,27
9,73
10,87
11,36
11,32
10,61
9,80
9,26
8,70
8,37
8,21
7,42
7,06
6,99
7,27
7,47
7,45
7,30
7,31
7,21
7,03
7,00
7,27
8,03
8,71
9,64
10,23
10,53
11,58
11,46
9,87
9,12
9,32
9,45
9,76
10,18
10,50
10,62
11,08
10,27
10,14
10,35
10,26
10,23
10,57
10,56
10,92
11,38
12,72
13,54
13,80
13,36
12,91
12,44
11,71
11,61
11,17
10,95
10,73
10,85
10,76
10,73
10,95
10,84
10,79
10,72
10,60
10,44
10,37
10,25
10,10
10,14
9,64
10,72
11,09
10,76
10,67
10,54
9,65
9,05
8,58
7,90
7,28
6,69
6,16
5,48
5,35
5,58
5,70
5,50
5,49
5,60
5,81
6,03
6,24
6,61
6,83
7,49
7,53
8,11
7,48
6,63
5,64
5,55
4,97
4,93
4,97
5,07
5,11
5,27
5,33
5,39
5,06
4,77
5,04
5,13
4,93
4,80
4,92
5,40
6,15
6,58
6,79
7,11
6,70
5,62
5,29
4,72
4,38
3,99
3,53
3,15
3,65
2,96
2,39
2,00
1,47
2,11
2,53
2,66
2,21
1,37
1,46
1,96
3,34
3,16
3,50
3,75
3,54
3,25
3,19
3,12
3,15
3,24
3,36
3,30
3,14
2,92
2,69
2,78
2,89
3,03
3,10
3,02
3,08
3,20
3,27
3,41
3,58
3,75
4,03
4,42
4,90
5,27
5,56
6,01
6,39
6,58
6,60
6,70
6,80
6,66
4,97
4,14
3,80
3,83
3,62
3,51
3,16
2,85
3,03
3,22
3,87
4,74
5,59
6,31
6,46
5,58
4,22
3,66
3,89
4,10
3,31
3,10
2,61
2,37
2,13
1,80
1,41
1,16
0,58
0,10
0,11
1,12
1,71
2,10
2,87
3,32
3,81
4,45
4,70
4,66
4,36
4,23
4,27
4,28
4,12
3,94
3,64
3,34
3,12
2,90
2,76
2,67
2,42
2,35
2,45
2,44
2,57
2,89
3,51
4,18
4,65
5,09
5,38
4,94
4,78
4,57
4,36
4,08
4,00
3,98
3,86
3,38
3,23
3,61
3,90
4,20
4,64
5,08
5,20
5,11
4,43
4,22
4,75
5,49
5,96
5,82
6,02
5,64
4,64
3,37
2,21
1,73
1,57
1,16
0,93
0,79
0,67
0,42
0,29
0,14
0,02
-0,09
-0,37
-0,63
-0,68
-0,56
-0,31
0,04
0,48
1,07
0,51
-0,15
-0,25
0,07
0,37
0,71
0,81
1,12
0,80
0,51
0,40
0,28
0,15
-0,05
0,09
-0,28
-0,02
-0,10
0,00
0,15
1,77
2,71
3,16
3,13
3,24
3,34
3,35
3,56
3,68
3,71
3,90
4,33
5,03
5,06
5,06
5,02
4,86
5,09
5,30
5,61
6,03
6,32
6,35
6,36
6,88
7,85
7,86
8,39
8,01
7,54
6,60
6,31
5,52
5,02
5,25
5,67
5,86
5,92
5,41
5,07
4,90
4,91
4,98
5,00
5,00
4,99
4,93
5,30
7,40
7,78
7,72
7,87
8,01
8,24
8,57
8,79
9,09
9,33
9,39
9,53
9,98
9,51
9,53
9,58
10,04
10,36
10,52
10,50
9,90
8,55
8,41
8,18
8,24
8,36
8,28
7,93
7,61
7,28
6,83
5,64
4,94
4,13
3,47
2,64
2,56
1,87
1,72
1,92
1,25
0,26
0,10
0,00
0,05
0,08
0,01
0,14
0,32
0,57
0,64
1,12
1,40
0,90
0,05
-0,29
-0,65
-0,52
-0,99
-1,00
-0,80
-0,55
-0,43
-0,26
-0,22
-0,08
0,08
0,05
0,18
0,24
0,43
0,60
0,66
0,42
0,37
0,32
0,40
0,50
0,36
0,48
0,74
0,92
1,00
1,10
0,23
0,11
-0,15
-0,20
-0,47
-0,58
-0,76
-0,74
-0,90
-1,21
-1,34
-1,04
-0,07
0,70
1,72
2,39
2,66
2,69
1,96
1,46
1,21
0,88
0,64
0,33
0,71
0,90
0,77
0,80
0,69
0,55
0,38
0,35
0,52
0,06
0,12
0,35
0,83
2,30
4,06
5,11
6,06
7,09
7,83
8,30
8,42
8,68
8,78
8,84
9,04
8,99
9,17
8,95
8,74
8,10
6,59
6,21
5,76
5,65
5,72
5,79
5,89
5,11
5,19
5,21
4,43
4,24
3,72
3,18
2,70
2,29
1,73
1,30
1,10
0,91
0,68
0,41
0,45
0,63
0,25
-0,84
-1,65
-1,77
-1,69
-1,12
-0,36
0,80
1,14
1,77
1,82
1,45
0,31
-0,43
-0,85
-1,13
-1,18
-1,33
-1,27
-1,40
-1,28
-1,28
-1,72
-1,84
-1,54
-1,64
-1,54
-1,33
-1,13
-0,71
-0,19
0,74
1,86
2,27
3,53
2,89
1,70
0,94
0,47
0,38
0,20
-0,22
-0,40
-0,40
-1,03
-1,49
-1,96
-1,63
-1,81
-1,67
-1,66
-1,95
-1,42
-0,77
0,40
1,79
2,43
2,76
2,17
1,45
1,21
0,86
0,66
0,36
0,43
0,75
1,08
1,21
1,22
1,47
1,81
1,87
2,21
2,53
3,05
3,42
3,71
4,07
4,54
4,97
5,45
5,80
6,05
6,30
6,16
5,95
5,92
5,85
5,71
5,47
4,84
4,28
3,81
3,69
3,73
3,58
3,64
4,00
4,08
4,06
3,94
4,26
5,05
5,48
5,87
5,90
5,80
5,40
5,20
5,05
5,00
5,00
5,00
5,00
4,97
4,90
4,80
4,82
4,80
4,80
4,82
4,81
4,87
4,77
4,70
4,78
5,02
5,24
5,45
5,65
5,83
5,79
5,48
4,83
4,53
4,17
3,96
3,92
3,61
2,77
1,49
1,62
1,97
1,96
2,09
1,83
1,87
2,23
2,43
2,34
2,72
3,20
3,52
3,32
2,99
3,12
3,24
2,35
2,06
1,82
1,66
1,78
2,14
1,95
1,71
1,77
1,96
2,09
2,20
2,17
2,09
1,73
1,59
1,62
2,14
2,70
3,29
4,05
4,39
4,55
4,63
4,80
5,10
5,14
5,02
4,55
3,80
3,31
2,89
3,28
2,69
1,87
1,43
1,23
0,91
1,08
1,37
1,92
2,29
2,89
3,49
3,67
3,86
3,75
3,62
3,61
3,41
2,62
1,69
1,54
1,69
1,80
1,35
1,46
1,52
1,49
1,15
0,85
0,48
0,29
0,44
0,80
1,29
1,58
1,94
2,00
2,19
2,12
1,61
1,61
1,74
1,98
1,99
2,09
2,27
2,40
2,50
2,52
2,66
2,61
2,69
2,88
2,79
2,75
2,80
2,97
3,13
3,26
3,04
3,53
3,73
3,40
2,58
1,53
0,97
0,66
0,69
0,55
0,19
-0,25
-0,48
-0,64
-0,59
-0,97
-1,12
-1,18
-1,35
-1,35
-1,39
-1,35
-1,15
-0,86
-0,52
-0,21
0,05
0,94
1,43
1,93
2,37
2,91
3,91
4,30
4,69
5,09
5,30
5,48
5,72
5,63
5,82
5,80
5,91
6,02
6,13
6,27
6,37
6,50
6,73
6,97
6,93
6,80
6,55
6,38
6,30
6,20
6,11
6,00
6,00
5,85
5,59
5,58
5,60
5,51
5,57
5,72
5,81
5,76
5,65
5,65
5,67
5,64
5,76
5,70
5,53
5,39
5,27
5,06
4,95
4,85
4,78
4,69
4,52
4,38
4,54
4,72
4,72
4,82
4,72
4,69
4,40
4,16
3,96
3,98
4,50
4,86
5,00
4,99
4,84
4,63
4,38
4,07
3,76
3,38
3,35
3,50
3,53
3,67
3,85
3,72
3,59
3,44
3,43
3,62
3,60
3,80
3,71
3,99
4,05
4,17
4,34
4,06
4,00
3,97
3,49
3,34
3,18
2,91
2,79
2,63
2,23
2,06
1,49
1,07
0,56
0,08
-0,33
-0,33
-0,34
-0,75
-1,00
-0,72
-0,03
1,06
2,21
2,49
2,77
1,63
0,24
0,13
0,22
-0,02
-0,33
-0,72
-0,74
-1,13
-1,18
-2,04
-2,61
-2,34
-2,35
-2,56
-2,97
-3,19
-3,71
-3,69
-2,93
-3,08
-2,70
-1,73
-1,23
-0,90
-0,96
-0,86
-0,66
-0,42
-0,13
0,00
0,02
0,11
0,23
0,32
0,31
0,40
0,40
0,45
0,50
0,51
0,58
0,71
1,04
1,38
1,61
1,73
1,79
1,80
1,70
1,70
1,70
1,70
1,66
1,60
1,53
1,45
1,40
1,35
1,30
1,21
1,12
0,98
0,89
0,81
0,73
0,71
0,59
0,51
0,50
0,02
-0,39
-0,50
-0,68
-0,80
-1,03
-1,10
-1,11
-1,10
-1,06
-1,07
-0,83
-0,84
-1,20
-1,54
-1,77
-1,83
-1,99
-2,26
-2,55
-2,59
-2,58
-2,62
-2,63
-2,69
-2,40
-2,15
-2,08
-2,18
-2,31
-2,68
-3,46
-3,79
-4,12
-4,40
-4,51
-4,80
-4,97
-4,93
-4,74
-4,82
-4,81
-4,66
-4,33
-3,06
-1,37
0,45
2,47
3,91
4,59
3,97
2,96
1,74
1,21
0,67
0,37
0,15
0,41
0,31
0,08
0,01
-0,20
-0,53
-0,83
-0,55
-0,81
-1,55
-1,99
-1,37
-0,10
1,62
3,37
4,47
4,36
2,72
1,26
0,24
-0,54
-0,97
-1,15
-0,97
-1,03
-1,15
-0,78
-0,99
-0,99
-0,68
0,23
-0,02
0,10
0,37
0,84
1,70
2,52
3,53
4,36
4,66
4,84
5,06
4,72
2,99
1,69
1,58
1,63
1,22
1,20
1,29
1,64
1,83
1,78
1,53
1,61
1,74
1,56
0,94
1,09
1,75
2,85
3,27
3,22
3,41
3,21
3,11
2,53
1,76
1,86
1,90
1,14
0,10
0,35
0,70
0,77
0,73
0,43
-0,03
-0,20
-0,31
-0,40
-0,41
-0,44
-0,33
-0,22
-0,14
-0,03
-0,09
-0,02
-0,25
-0,96
-1,16
-1,80
-1,92
-2,23
-2,46
-2,59
-3,05
-3,38
-3,53
-3,54
-3,64
-3,47
-3,56
-3,10
-2,78
-2,62
-2,20
-1,62
-0,66
0,43
1,26
1,51
1,03
0,61
0,09
-0,41
-0,80
-1,36
-1,99
-2,44
-2,24
-2,02
-2,11
-2,25
-2,66
-2,87
-3,22
-3,27
-3,48
-2,84
-2,53
-1,67
1,22
1,37
2,41
2,39
1,56
-0,20
-0,39
-0,58
-0,60
-1,28
-1,71
-2,28
-2,74
-3,52
-3,89
-4,47
-4,70
-5,47
-6,24
-6,55
-6,52
-6,61
-5,92
-4,60
-3,75
-3,06
-2,65
-2,27
-1,97
-1,73
-1,44
-1,48
-1,09
-0,82
-0,81
-0,50
-0,11
0,07
0,13
0,29
0,50
0,63
0,82
0,99
1,15
1,33
1,64
1,86
2,17
2,56
3,21
3,97
4,44
5,19
5,90
6,07
5,80
6,18
6,79
7,01
6,48
6,56
6,93
6,71
6,32
6,26
6,40
6,67
6,56
6,87
7,37
7,73
7,86
8,30
6,70
7,46
7,33
7,42
7,13
6,69
5,80
4,37
2,95
2,47
2,48
2,69
3,22
3,94
5,12
5,84
6,69
7,19
7,68
8,47
9,14
8,23
7,24
7,37
7,31
7,20
6,44
5,88
5,39
5,13
4,60
3,70
2,60
2,54
2,40
2,67
2,78
2,69
2,02
2,34
2,93
2,65
2,62
2,58
2,54
2,64
2,66
2,72
2,53
2,40
2,54
2,68
2,53
2,27
2,17
2,02
1,73
1,36
1,02
0,64
0,32
0,20
0,20
0,20
0,20
0,27
0,32
0,40
0,47
0,75
1,26
1,55
1,69
1,79
1,86
1,90
1,93
2,00
1,98
1,69
1,31
0,98
0,58
0,20
0,03
-0,22
-0,60
-0,67
-0,69
-0,83
-0,90
-0,85
-0,60
-0,27
0,05
0,62
1,09
1,50
0,67
0,10
0,17
-0,12
-0,55
-0,57
-0,49
-0,37
-0,11
-0,18
0,09
-0,01
-0,09
0,00
0,28
0,27
0,28
0,35
0,60
0,67
0,77
1,28
1,32
1,66
1,80
1,79
1,80
1,80
1,80
1,73
1,58
1,52
1,56
1,43
1,28
1,26
1,31
1,41
1,50
1,47
1,19
1,03
0,95
1,15
1,91
2,71
3,35
3,77
3,66
3,50
3,45
3,40
3,34
3,29
3,27
3,65
3,68
3,68
3,85
3,98
4,00
4,09
4,17
4,24
4,30
4,20
4,00
3,77
4,15
4,62
5,21
5,44
5,22
5,01
5,28
5,37
5,33
5,48
5,57
5,66
5,70
